Workbook

Sheet Readme_Documentation
B2: MEDCARE NIGERIA -HEALTH DATA ANALYTICS MODEL
B4: PROJECT OBJECTIVE
B5: This model cleans, processes, and standardizes 200 longitudinal patient and billing records across five regional hospital hubs(Lagos, Abuja, Kano, Port Harcourt, and Enugu) to streamline financial audits.
B7: WORKSHOP ARCHITECTURE
B8: Readme_Documentation :(This sheet) Project Overview, metadata, and user navigation instructions.
B9: Patient_Records: Main transactional data ledger housing raw inputs integrated with analytical lookup models.
B10: Doctor_Directory: Central registry matching unique clinician codes to full providers name and base consultation rates.
B11: Bill_Tier_Reference: Range allocation tables sorting financial obligations into structured baseline tiers.
B12: Age_Bracket_Reference: Categorical demographics mapping patient ages into chronological lifecycle brackets.
B13: Protocol _Reference: Clinical keywords matrix mapping unstructured medical diagnosis logs to official treatment paths.
B14: State_Coordinator: Regional tracking table linking target states to active administrative points of contact.
B15: Insurance_Reimbursement_Matrix: Two-dimensional matrix mapping insurance percentage payouts across regional boundaries.
B17: External: Hospital_Master.xlsx: Federated IT master file housing separate sheets for 'Hospital_Details' (Network IDs) and 'Accreditation_Benchmarks' (Standing Grades).

Sheet Patient_Records
A1: Patient ID | B1: Full Name | C1: State | D1: Hospital Name | E1: Doctor ID | F1: Age | G1: Diagnosis Notes | H1: Admission Date | I1: Bill Amount (NGN) | J1: Days Admitted | K1: Doctor's name | L1: Hospital Network ID | M1: Billing Tier | N1: Age Bracket | O1: Regional Coordinator | P1: Accreditation Standing | Q1: Treatment Protocol | R1: Consultation Fee (NGN) | S1: Reimbursement %
A2: PT-0001 | B2: Folake Bamidele | C2: Port Harcourt | D2: Harborlight Specialist Hospital | E2: DR-015 | F2: 76 | G2: Typhoid | H2: 2026-04-01 | I2: 130392 | J2: 3 | K2: =_xlfn.IFNA(VLOOKUP(TRIM(E2),Doctor_Directory!$A$2:$D$31,2,FALSE),"No name") -> Dr. Blessing Adekunle | L2: =VLOOKUP(TRIM(D2),[1]Hospital_Details!$A$2:$D$16,2,FALSE) -> MC-PHC-01 | M2: =VLOOKUP(I2,Bill_Tier_Reference!$A$2:$B$5,2,TRUE) -> Tier 3 - Premium | N2: =VLOOKUP(F2,Age_Bracket_Reference!$A$2:$B$6,2,TRUE) -> Senior | O2: =VLOOKUP(C2,State_Coordinator!$A$2:$B$6,2,FALSE) -> Ebiere Amadi | P2: =VLOOKUP(L2,[2]Hospital_Details!$B$2:$D$16,3,FALSE) -> Bronze | Q2: {=_xlfn.IFS(ISNUMBER(SEARCH("TB", G2)),Protocol_Reference!$B$2, ISNUMBER(SEARCH("Malaria",G2)),Protocol_Reference!$B$3, ISNUMBER(SEARCH("Typhoid",G2)),Protocol_Reference!$B$4, ISNUMBER(SEARCH("Hypertension", G2,)),Protocol_Reference!$B$5, ISNUMBER(SEARCH("Diabetes", G2)),Protocol_Reference!$B$6, ISNUMBER(SEARCH("Cholera", G2)),Protocol_Reference!$B$7, ISNUMBER(SEARCH("Pneumonia", G2)),Protocol_Reference!$B$8, TRUE, "Out of scope/ Routine Care")} -> Ciprofloxacin 500mg twice daily for 7-10 days | R2: =IFERROR(VLOOKUP(E2,Doctor_Directory!$A$2:$D$31,4,FALSE),"Check Doctor Code") -> 10000 | S2: {=_xlfn.XLOOKUP(C2,Insurance_Reimbursement_Matrix!$A$2:$A$6,_xlfn.XLOOKUP(_xlfn.XLOOKUP(F2,Age_Bracket_Reference!$A$2:$A$6,Age_Bracket_Reference!$B$2:$B$6,,-1),Insurance_Reimbursement_Matrix!$B$1:$F$1,Insurance_Reimbursement_Matrix!$B$2:$F$6))} -> 0.79
A3: PT-0002 | B3: Segun Aliyu | C3: Lagos | D3: Palmgrove Specialist Hospital | E3: DR-013 | F3: 13 | G3: Hypertension, stable | H3: 2026-05-15 | I3: 11667 | J3: 7 | K3: =_xlfn.IFNA(VLOOKUP(TRIM(E3),Doctor_Directory!$A$2:$D$31,2,FALSE),"No name") -> Dr. Amaka Nwosu | L3: =VLOOKUP(TRIM(D3),[1]Hospital_Details!$A$2:$D$16,2,FALSE) -> MC-LAG-01 | M3: =VLOOKUP(I3,Bill_Tier_Reference!$A$2:$B$5,2,TRUE) -> Tier 1 - Basic | N3: =VLOOKUP(F3,Age_Bracket_Reference!$A$2:$B$6,2,TRUE) -> Teen | O3: =VLOOKUP(C3,State_Coordinator!$A$2:$B$6,2,FALSE) -> Funmilayo Adebayo | P3: =VLOOKUP(L3,[2]Hospital_Details!$B$2:$D$16,3,FALSE) -> Platinum | Q3: {=_xlfn.IFS(ISNUMBER(SEARCH("TB", G3)),Protocol_Reference!$B$2, ISNUMBER(SEARCH("Malaria",G3)),Protocol_Reference!$B$3, ISNUMBER(SEARCH("Typhoid",G3)),Protocol_Reference!$B$4, ISNUMBER(SEARCH("Hypertension", G3,)),Protocol_Reference!$B$5, ISNUMBER(SEARCH("Diabetes", G3)),Protocol_Reference!$B$6, ISNUMBER(SEARCH("Cholera", G3)),Protocol_Reference!$B$7, ISNUMBER(SEARCH("Pneumonia", G3)),Protocol_Reference!$B$8, TRUE, "Out of scope/ Routine Care")} -> Out of scope/ Routine Care | R3: =IFERROR(VLOOKUP(E3,Doctor_Directory!$A$2:$D$31,4,FALSE),"Check Doctor Code") -> 5500 | S3: {=_xlfn.XLOOKUP(C3,Insurance_Reimbursement_Matrix!$A$2:$A$6,_xlfn.XLOOKUP(_xlfn.XLOOKUP(F3,Age_Bracket_Reference!$A$2:$A$6,Age_Bracket_Reference!$B$2:$B$6,,-1),Insurance_Reimbursement_Matrix!$B$1:$F$1,Insurance_Reimbursement_Matrix!$B$2:$F$6))} -> 0.72
A4: PT-0003 | B4: Tunde Usman | C4: Kano | D4: Riverbend General Hospital | E4: DR-020 | F4: 47 | G4: Malaria with anaemia | H4: 2026-04-25 | I4: 161673 | J4: 2 | K4: =_xlfn.IFNA(VLOOKUP(TRIM(E4),Doctor_Directory!$A$2:$D$31,2,FALSE),"No name") -> Dr. Ronke Nnaji | L4: =VLOOKUP(TRIM(D4),[1]Hospital_Details!$A$2:$D$16,2,FALSE) -> MC-KAN-03 | M4: =VLOOKUP(I4,Bill_Tier_Reference!$A$2:$B$5,2,TRUE) -> Tier 3 - Premium | N4: =VLOOKUP(F4,Age_Bracket_Reference!$A$2:$B$6,2,TRUE) -> Adult | O4: =VLOOKUP(C4,State_Coordinator!$A$2:$B$6,2,FALSE) -> Hauwa Mustapha | P4: =VLOOKUP(L4,[2]Hospital_Details!$B$2:$D$16,3,FALSE) -> Platinum | Q4: {=_xlfn.IFS(ISNUMBER(SEARCH("TB", G4)),Protocol_Reference!$B$2, ISNUMBER(SEARCH("Malaria",G4)),Protocol_Reference!$B$3, ISNUMBER(SEARCH("Typhoid",G4)),Protocol_Reference!$B$4, ISNUMBER(SEARCH("Hypertension", G4,)),Protocol_Reference!$B$5, ISNUMBER(SEARCH("Diabetes", G4)),Protocol_Reference!$B$6, ISNUMBER(SEARCH("Cholera", G4)),Protocol_Reference!$B$7, ISNUMBER(SEARCH("Pneumonia", G4)),Protocol_Reference!$B$8, TRUE, "Out of scope/ Routine Care")} -> Artemisinin-based Combination Therapy (ACT) - 3-day course | R4: =IFERROR(VLOOKUP(E4,Doctor_Directory!$A$2:$D$31,4,FALSE),"Check Doctor Code") -> 4000 | S4: {=_xlfn.XLOOKUP(C4,Insurance_Reimbursement_Matrix!$A$2:$A$6,_xlfn.XLOOKUP(_xlfn.XLOOKUP(F4,Age_Bracket_Reference!$A$2:$A$6,Age_Bracket_Reference!$B$2:$B$6,,-1),Insurance_Reimbursement_Matrix!$B$1:$F$1,Insurance_Reimbursement_Matrix!$B$2:$F$6))} -> 0.73
A5: PT-0004 | B5: Amaka Nwosu | C5: Port Harcourt | D5: Bluewater Medical Centre | E5: DR-015 | F5: 82 | G5: Hypertension, stable | H5: 2026-04-21 | I5: 15130 | J5: 10 | K5: =_xlfn.IFNA(VLOOKUP(TRIM(E5),Doctor_Directory!$A$2:$D$31,2,FALSE),"No name") -> Dr. Blessing Adekunle | L5: =VLOOKUP(TRIM(D5),[1]Hospital_Details!$A$2:$D$16,2,FALSE) -> MC-PHC-02 | M5: =VLOOKUP(I5,Bill_Tier_Reference!$A$2:$B$5,2,TRUE) -> Tier 1 - Basic | N5: =VLOOKUP(F5,Age_Bracket_Reference!$A$2:$B$6,2,TRUE) -> Senior | O5: =VLOOKUP(C5,State_Coordinator!$A$2:$B$6,2,FALSE) -> Ebiere Amadi | P5: =VLOOKUP(L5,[2]Hospital_Details!$B$2:$D$16,3,FALSE) -> Platinum | Q5: {=_xlfn.IFS(ISNUMBER(SEARCH("TB", G5)),Protocol_Reference!$B$2, ISNUMBER(SEARCH("Malaria",G5)),Protocol_Reference!$B$3, ISNUMBER(SEARCH("Typhoid",G5)),Protocol_Reference!$B$4, ISNUMBER(SEARCH("Hypertension", G5,)),Protocol_Reference!$B$5, ISNUMBER(SEARCH("Diabetes", G5)),Protocol_Reference!$B$6, ISNUMBER(SEARCH("Cholera", G5)),Protocol_Reference!$B$7, ISNUMBER(SEARCH("Pneumonia", G5)),Protocol_Reference!$B$8, TRUE, "Out of scope/ Routine Care")} -> Out of scope/ Routine Care | R5: =IFERROR(VLOOKUP(E5,Doctor_Directory!$A$2:$D$31,4,FALSE),"Check Doctor Code") -> 10000 | S5: {=_xlfn.XLOOKUP(C5,Insurance_Reimbursement_Matrix!$A$2:$A$6,_xlfn.XLOOKUP(_xlfn.XLOOKUP(F5,Age_Bracket_Reference!$A$2:$A$6,Age_Bracket_Reference!$B$2:$B$6,,-1),Insurance_Reimbursement_Matrix!$B$1:$F$1,Insurance_Reimbursement_Matrix!$B$2:$F$6))} -> 0.79
A6: PT-0005 | B6: Kayode Suleiman | C6: Enugu | D6: Greenridge General Hospital | E6: DR-008 | F6: 21 | G6: Cholera | H6: 2026-05-19 | I6: 165198 | J6: 14 | K6: =_xlfn.IFNA(VLOOKUP(TRIM(E6),Doctor_Directory!$A$2:$D$31,2,FALSE),"No name") -> Dr. Blessing Obi | L6: =VLOOKUP(TRIM(D6),[1]Hospital_Details!$A$2:$D$16,2,FALSE) -> MC-ENU-03 | M6: =VLOOKUP(I6,Bill_Tier_Reference!$A$2:$B$5,2,TRUE) -> Tier 3 - Premium | N6: =VLOOKUP(F6,Age_Bracket_Reference!$A$2:$B$6,2,TRUE) -> Young Adult | O6: =VLOOKUP(C6,State_Coordinator!$A$2:$B$6,2,FALSE) -> Chidiebere Okoro | P6: =VLOOKUP(L6,[2]Hospital_Details!$B$2:$D$16,3,FALSE) -> Gold | Q6: {=_xlfn.IFS(ISNUMBER(SEARCH("TB", G6)),Protocol_Reference!$B$2, ISNUMBER(SEARCH("Malaria",G6)),Protocol_Reference!$B$3, ISNUMBER(SEARCH("Typhoid",G6)),Protocol_Reference!$B$4, ISNUMBER(SEARCH("Hypertension", G6,)),Protocol_Reference!$B$5, ISNUMBER(SEARCH("Diabetes", G6)),Protocol_Reference!$B$6, ISNUMBER(SEARCH("Cholera", G6)),Protocol_Reference!$B$7, ISNUMBER(SEARCH("Pneumonia", G6)),Protocol_Reference!$B$8, TRUE, "Out of scope/ Routine Care")} -> Oral Rehydration Therapy + Doxycycline | R6: =IFERROR(VLOOKUP(E6,Doctor_Directory!$A$2:$D$31,4,FALSE),"Check Doctor Code") -> 3500 | S6: {=_xlfn.XLOOKUP(C6,Insurance_Reimbursement_Matrix!$A$2:$A$6,_xlfn.XLOOKUP(_xlfn.XLOOKUP(F6,Age_Bracket_Reference!$A$2:$A$6,Age_Bracket_Reference!$B$2:$B$6,,-1),Insurance_Reimbursement_Matrix!$B$1:$F$1,Insurance_Reimbursement_Matrix!$B$2:$F$6))} -> 0.69
A7: PT-0006 | B7: Tobi Eze | C7: Abuja | D7: Kingsgate Specialist Hospital | E7: DR-026 | F7: 41 | G7: Diabetes Type 2 | H7: 2026-05-05 | I7: 33826 | J7: 11 | K7: =_xlfn.IFNA(VLOOKUP(TRIM(E7),Doctor_Directory!$A$2:$D$31,2,FALSE),"No name") -> Dr. Amaka Okafor | L7: =VLOOKUP(TRIM(D7),[1]Hospital_Details!$A$2:$D$16,2,FALSE) -> MC-ABJ-01 | M7: =VLOOKUP(I7,Bill_Tier_Reference!$A$2:$B$5,2,TRUE) -> Tier 2 - Standard | N7: =VLOOKUP(F7,Age_Bracket_Reference!$A$2:$B$6,2,TRUE) -> Adult | O7: =VLOOKUP(C7,State_Coordinator!$A$2:$B$6,2,FALSE) -> Ibrahim Garba | P7: =VLOOKUP(L7,[2]Hospital_Details!$B$2:$D$16,3,FALSE) -> Platinum | Q7: {=_xlfn.IFS(ISNUMBER(SEARCH("TB", G7)),Protocol_Reference!$B$2, ISNUMBER(SEARCH("Malaria",G7)),Protocol_Reference!$B$3, ISNUMBER(SEARCH("Typhoid",G7)),Protocol_Reference!$B$4, ISNUMBER(SEARCH("Hypertension", G7,)),Protocol_Reference!$B$5, ISNUMBER(SEARCH("Diabetes", G7)),Protocol_Reference!$B$6, ISNUMBER(SEARCH("Cholera", G7)),Protocol_Reference!$B$7, ISNUMBER(SEARCH("Pneumonia", G7)),Protocol_Reference!$B$8, TRUE, "Out of scope/ Routine Care")} -> Metformin 500mg twice daily + dietary counselling | R7: =IFERROR(VLOOKUP(E7,Doctor_Directory!$A$2:$D$31,4,FALSE),"Check Doctor Code") -> 4000 | S7: {=_xlfn.XLOOKUP(C7,Insurance_Reimbursement_Matrix!$A$2:$A$6,_xlfn.XLOOKUP(_xlfn.XLOOKUP(F7,Age_Bracket_Reference!$A$2:$A$6,Age_Bracket_Reference!$B$2:$B$6,,-1),Insurance_Reimbursement_Matrix!$B$1:$F$1,Insurance_Reimbursement_Matrix!$B$2:$F$6))} -> 0.65
A8: PT-0007 | B8: Titilayo Nnaji | C8: Port Harcourt | D8: Harborlight Specialist Hospital | E8: DR-101 | F8: 32 | G8: Urinary Tract Infection | H8: 2026-06-11 | I8: 424622 | J8: 6 | K8: =_xlfn.IFNA(VLOOKUP(TRIM(E8),Doctor_Directory!$A$2:$D$31,2,FALSE),"No name") -> No name | L8: =VLOOKUP(TRIM(D8),[1]Hospital_Details!$A$2:$D$16,2,FALSE) -> MC-PHC-01 | M8: =VLOOKUP(I8,Bill_Tier_Reference!$A$2:$B$5,2,TRUE) -> Tier 4 - Elite | N8: =VLOOKUP(F8,Age_Bracket_Reference!$A$2:$B$6,2,TRUE) -> Young Adult | O8: =VLOOKUP(C8,State_Coordinator!$A$2:$B$6,2,FALSE) -> Ebiere Amadi | P8: =VLOOKUP(L8,[2]Hospital_Details!$B$2:$D$16,3,FALSE) -> Bronze | Q8: {=_xlfn.IFS(ISNUMBER(SEARCH("TB", G8)),Protocol_Reference!$B$2, ISNUMBER(SEARCH("Malaria",G8)),Protocol_Reference!$B$3, ISNUMBER(SEARCH("Typhoid",G8)),Protocol_Reference!$B$4, ISNUMBER(SEARCH("Hypertension", G8,)),Protocol_Reference!$B$5, ISNUMBER(SEARCH("Diabetes", G8)),Protocol_Reference!$B$6, ISNUMBER(SEARCH("Cholera", G8)),Protocol_Reference!$B$7, ISNUMBER(SEARCH("Pneumonia", G8)),Protocol_Reference!$B$8, TRUE, "Out of scope/ Routine Care")} -> Out of scope/ Routine Care | R8: =IFERROR(VLOOKUP(E8,Doctor_Directory!$A$2:$D$31,4,FALSE),"Check Doctor Code") -> Check Doctor Code | S8: {=_xlfn.XLOOKUP(C8,Insurance_Reimbursement_Matrix!$A$2:$A$6,_xlfn.XLOOKUP(_xlfn.XLOOKUP(F8,Age_Bracket_Reference!$A$2:$A$6,Age_Bracket_Reference!$B$2:$B$6,,-1),Insurance_Reimbursement_Matrix!$B$1:$F$1,Insurance_Reimbursement_Matrix!$B$2:$F$6))} -> 0.69
A9: PT-0008 | B9: Amaka Okafor | C9: Enugu | D9: Cedarview Medical Centre | E9: DR-025 | F9: 7 | G9: TB and Diabetes | H9: 2026-04-20 | I9: 8242 | J9: 7 | K9: =_xlfn.IFNA(VLOOKUP(TRIM(E9),Doctor_Directory!$A$2:$D$31,2,FALSE),"No name") -> Dr. Damilola Chidozie | L9: =VLOOKUP(TRIM(D9),[1]Hospital_Details!$A$2:$D$16,2,FALSE) -> MC-ENU-02 | M9: =VLOOKUP(I9,Bill_Tier_Reference!$A$2:$B$5,2,TRUE) -> Tier 1 - Basic | N9: =VLOOKUP(F9,Age_Bracket_Reference!$A$2:$B$6,2,TRUE) -> Child | O9: =VLOOKUP(C9,State_Coordinator!$A$2:$B$6,2,FALSE) -> Chidiebere Okoro | P9: =VLOOKUP(L9,[2]Hospital_Details!$B$2:$D$16,3,FALSE) -> Bronze | Q9: {=_xlfn.IFS(ISNUMBER(SEARCH("TB", G9)),Protocol_Reference!$B$2, ISNUMBER(SEARCH("Malaria",G9)),Protocol_Reference!$B$3, ISNUMBER(SEARCH("Typhoid",G9)),Protocol_Reference!$B$4, ISNUMBER(SEARCH("Hypertension", G9,)),Protocol_Reference!$B$5, ISNUMBER(SEARCH("Diabetes", G9)),Protocol_Reference!$B$6, ISNUMBER(SEARCH("Cholera", G9)),Protocol_Reference!$B$7, ISNUMBER(SEARCH("Pneumonia", G9)),Protocol_Reference!$B$8, TRUE, "Out of scope/ Routine Care")} -> Directly Observed Treatment Short-course (DOTS) - 6 month regimen | R9: =IFERROR(VLOOKUP(E9,Doctor_Directory!$A$2:$D$31,4,FALSE),"Check Doctor Code") -> 6000 | S9: {=_xlfn.XLOOKUP(C9,Insurance_Reimbursement_Matrix!$A$2:$A$6,_xlfn.XLOOKUP(_xlfn.XLOOKUP(F9,Age_Bracket_Reference!$A$2:$A$6,Age_Bracket_Reference!$B$2:$B$6,,-1),Insurance_Reimbursement_Matrix!$B$1:$F$1,Insurance_Reimbursement_Matrix!$B$2:$F$6))} -> 0.9
A10: PT-0009 | B10: Zainab Yahaya | C10: Port Harcourt | D10: Palmfield General Hospital | E10: DR-018 | F10: 2 | G10: Asthma | H10: 2026-04-15 | I10: 11743 | J10: 5 | K10: =_xlfn.IFNA(VLOOKUP(TRIM(E10),Doctor_Directory!$A$2:$D$31,2,FALSE),"No name") -> Dr. Zainab Lawal | L10: =VLOOKUP(TRIM(D10),[1]Hospital_Details!$A$2:$D$16,2,FALSE) -> MC-PHC-03 | M10: =VLOOKUP(I10,Bill_Tier_Reference!$A$2:$B$5,2,TRUE) -> Tier 1 - Basic | N10: =VLOOKUP(F10,Age_Bracket_Reference!$A$2:$B$6,2,TRUE) -> Child | O10: =VLOOKUP(C10,State_Coordinator!$A$2:$B$6,2,FALSE) -> Ebiere Amadi | P10: =VLOOKUP(L10,[2]Hospital_Details!$B$2:$D$16,3,FALSE) -> Platinum | Q10: {=_xlfn.IFS(ISNUMBER(SEARCH("TB", G10)),Protocol_Reference!$B$2, ISNUMBER(SEARCH("Malaria",G10)),Protocol_Reference!$B$3, ISNUMBER(SEARCH("Typhoid",G10)),Protocol_Reference!$B$4, ISNUMBER(SEARCH("Hypertension", G10,)),Protocol_Reference!$B$5, ISNUMBER(SEARCH("Diabetes", G10)),Protocol_Reference!$B$6, ISNUMBER(SEARCH("Cholera", G10)),Protocol_Reference!$B$7, ISNUMBER(SEARCH("Pneumonia", G10)),Protocol_Reference!$B$8, TRUE, "Out of scope/ Routine Care")} -> Out of scope/ Routine Care | R10: =IFERROR(VLOOKUP(E10,Doctor_Directory!$A$2:$D$31,4,FALSE),"Check Doctor Code") -> 10000 | S10: {=_xlfn.XLOOKUP(C10,Insurance_Reimbursement_Matrix!$A$2:$A$6,_xlfn.XLOOKUP(_xlfn.XLOOKUP(F10,Age_Bracket_Reference!$A$2:$A$6,Age_Bracket_Reference!$B$2:$B$6,,-1),Insurance_Reimbursement_Matrix!$B$1:$F$1,Insurance_Reimbursement_Matrix!$B$2:$F$6))} -> 0.82
A11: PT-0010 | B11: Damilola Suleiman | C11: Port Harcourt | D11: Harborlight Specialist Hospital | E11: DR-024 | F11: 34 | G11: Pneumonia | H11: 2026-04-23 | I11: 26973 | J11: 3 | K11: =_xlfn.IFNA(VLOOKUP(TRIM(E11),Doctor_Directory!$A$2:$D$31,2,FALSE),"No name") -> Dr. Yusuf Usman | L11: =VLOOKUP(TRIM(D11),[1]Hospital_Details!$A$2:$D$16,2,FALSE) -> MC-PHC-01 | M11: =VLOOKUP(I11,Bill_Tier_Reference!$A$2:$B$5,2,TRUE) -> Tier 2 - Standard | N11: =VLOOKUP(F11,Age_Bracket_Reference!$A$2:$B$6,2,TRUE) -> Young Adult | O11: =VLOOKUP(C11,State_Coordinator!$A$2:$B$6,2,FALSE) -> Ebiere Amadi | P11: =VLOOKUP(L11,[2]Hospital_Details!$B$2:$D$16,3,FALSE) -> Bronze | Q11: {=_xlfn.IFS(ISNUMBER(SEARCH("TB", G11)),Protocol_Reference!$B$2, ISNUMBER(SEARCH("Malaria",G11)),Protocol_Reference!$B$3, ISNUMBER(SEARCH("Typhoid",G11)),Protocol_Reference!$B$4, ISNUMBER(SEARCH("Hypertension", G11,)),Protocol_Reference!$B$5, ISNUMBER(SEARCH("Diabetes", G11)),Protocol_Reference!$B$6, ISNUMBER(SEARCH("Cholera", G11)),Protocol_Reference!$B$7, ISNUMBER(SEARCH("Pneumonia", G11)),Protocol_Reference!$B$8, TRUE, "Out of scope/ Routine Care")} -> Amoxicillin-Clavulanate 625mg three times daily for 7 days | R11: =IFERROR(VLOOKUP(E11,Doctor_Directory!$A$2:$D$31,4,FALSE),"Check Doctor Code") -> 9000 | S11: {=_xlfn.XLOOKUP(C11,Insurance_Reimbursement_Matrix!$A$2:$A$6,_xlfn.XLOOKUP(_xlfn.XLOOKUP(F11,Age_Bracket_Reference!$A$2:$A$6,Age_Bracket_Reference!$B$2:$B$6,,-1),Insurance_Reimbursement_Matrix!$B$1:$F$1,Insurance_Reimbursement_Matrix!$B$2:$F$6))} -> 0.69
A12: PT-0011 | B12: Kelechi Suleiman | C12: Enugu | D12: Greenridge General Hospital | E12: DR-030 | F12: 1 | G12: TB relapse case | H12: 2026-05-12 | I12: 89662 | J12: 4 | K12: =_xlfn.IFNA(VLOOKUP(TRIM(E12),Doctor_Directory!$A$2:$D$31,2,FALSE),"No name") -> Dr. Oluwaseun Okoye | L12: =VLOOKUP(TRIM(D12),[1]Hospital_Details!$A$2:$D$16,2,FALSE) -> MC-ENU-03 | M12: =VLOOKUP(I12,Bill_Tier_Reference!$A$2:$B$5,2,TRUE) -> Tier 3 - Premium | N12: =VLOOKUP(F12,Age_Bracket_Reference!$A$2:$B$6,2,TRUE) -> Child | O12: =VLOOKUP(C12,State_Coordinator!$A$2:$B$6,2,FALSE) -> Chidiebere Okoro | P12: =VLOOKUP(L12,[2]Hospital_Details!$B$2:$D$16,3,FALSE) -> Gold | Q12: {=_xlfn.IFS(ISNUMBER(SEARCH("TB", G12)),Protocol_Reference!$B$2, ISNUMBER(SEARCH("Malaria",G12)),Protocol_Reference!$B$3, ISNUMBER(SEARCH("Typhoid",G12)),Protocol_Reference!$B$4, ISNUMBER(SEARCH("Hypertension", G12,)),Protocol_Reference!$B$5, ISNUMBER(SEARCH("Diabetes", G12)),Protocol_Reference!$B$6, ISNUMBER(SEARCH("Cholera", G12)),Protocol_Reference!$B$7, ISNUMBER(SEARCH("Pneumonia", G12)),Protocol_Reference!$B$8, TRUE, "Out of scope/ Routine Care")} -> Directly Observed Treatment Short-course (DOTS) - 6 month regimen | R12: =IFERROR(VLOOKUP(E12,Doctor_Directory!$A$2:$D$31,4,FALSE),"Check Doctor Code") -> 8500 | S12: {=_xlfn.XLOOKUP(C12,Insurance_Reimbursement_Matrix!$A$2:$A$6,_xlfn.XLOOKUP(_xlfn.XLOOKUP(F12,Age_Bracket_Reference!$A$2:$A$6,Age_Bracket_Reference!$B$2:$B$6,,-1),Insurance_Reimbursement_Matrix!$B$1:$F$1,Insurance_Reimbursement_Matrix!$B$2:$F$6))} -> 0.9
A13: PT-0012 | B13: Emeka Yakubu | C13: Enugu | D13: Hilltown Specialist Hospital | E13: DR-003 | F13: 63 | G13: Suspected TB | H13: 2026-06-08 | I13: 28414 | J13: 5 | K13: =_xlfn.IFNA(VLOOKUP(TRIM(E13),Doctor_Directory!$A$2:$D$31,2,FALSE),"No name") -> Dr. Folake Bamidele | L13: =VLOOKUP(TRIM(D13),[1]Hospital_Details!$A$2:$D$16,2,FALSE) -> MC-ENU-01 | M13: =VLOOKUP(I13,Bill_Tier_Reference!$A$2:$B$5,2,TRUE) -> Tier 2 - Standard | N13: =VLOOKUP(F13,Age_Bracket_Reference!$A$2:$B$6,2,TRUE) -> Senior | O13: =VLOOKUP(C13,State_Coordinator!$A$2:$B$6,2,FALSE) -> Chidiebere Okoro | P13: =VLOOKUP(L13,[2]Hospital_Details!$B$2:$D$16,3,FALSE) -> Gold | Q13: {=_xlfn.IFS(ISNUMBER(SEARCH("TB", G13)),Protocol_Reference!$B$2, ISNUMBER(SEARCH("Malaria",G13)),Protocol_Reference!$B$3, ISNUMBER(SEARCH("Typhoid",G13)),Protocol_Reference!$B$4, ISNUMBER(SEARCH("Hypertension", G13,)),Protocol_Reference!$B$5, ISNUMBER(SEARCH("Diabetes", G13)),Protocol_Reference!$B$6, ISNUMBER(SEARCH("Cholera", G13)),Protocol_Reference!$B$7, ISNUMBER(SEARCH("Pneumonia", G13)),Protocol_Reference!$B$8, TRUE, "Out of scope/ Routine Care")} -> Directly Observed Treatment Short-course (DOTS) - 6 month regimen | R13: =IFERROR(VLOOKUP(E13,Doctor_Directory!$A$2:$D$31,4,FALSE),"Check Doctor Code") -> 5000 | S13: {=_xlfn.XLOOKUP(C13,Insurance_Reimbursement_Matrix!$A$2:$A$6,_xlfn.XLOOKUP(_xlfn.XLOOKUP(F13,Age_Bracket_Reference!$A$2:$A$6,Age_Bracket_Reference!$B$2:$B$6,,-1),Insurance_Reimbursement_Matrix!$B$1:$F$1,Insurance_Reimbursement_Matrix!$B$2:$F$6))} -> 0.76
... A201: PT-0200 | B201: Blessing Umar | C201: Enugu | D201: Cedarview Medical Centre | E201: DR-023 | F201: 54 | G201: Diabetes, newly diagnosed | H201: 2026-04-20 | I201: 44671 | J201: 14 | K201: =_xlfn.IFNA(VLOOKUP(TRIM(E201),Doctor_Directory!$A$2:$D$31,2,FALSE),"No name") -> Dr. Oluwaseun Ogunleye | L201: =VLOOKUP(TRIM(D201),[1]Hospital_Details!$A$2:$D$16,2,FALSE) -> MC-ENU-02 | M201: =VLOOKUP(I201,Bill_Tier_Reference!$A$2:$B$5,2,TRUE) -> Tier 2 - Standard | N201: =VLOOKUP(F201,Age_Bracket_Reference!$A$2:$B$6,2,TRUE) -> Adult | O201: =VLOOKUP(C201,State_Coordinator!$A$2:$B$6,2,FALSE) -> Chidiebere Okoro | P201: =VLOOKUP(L201,[2]Hospital_Details!$B$2:$D$16,3,FALSE) -> Bronze | Q201: {=_xlfn.IFS(ISNUMBER(SEARCH("TB", G201)),Protocol_Reference!$B$2, ISNUMBER(SEARCH("Malaria",G201)),Protocol_Reference!$B$3, ISNUMBER(SEARCH("Typhoid",G201)),Protocol_Reference!$B$4, ISNUMBER(SEARCH("Hypertension", G201,)),Protocol_Reference!$B$5, ISNUMBER(SEARCH("Diabetes", G201)),Protocol_Reference!$B$6, ISNUMBER(SEARCH("Cholera", G201)),Protocol_Reference!$B$7, ISNUMBER(SEARCH("Pneumonia", G201)),Protocol_Reference!$B$8, TRUE, "Out of scope/ Routine Care")} -> Metformin 500mg twice daily + dietary counselling | R201: =IFERROR(VLOOKUP(E201,Doctor_Directory!$A$2:$D$31,4,FALSE),"Check Doctor Code") -> 4500 | S201: {=_xlfn.XLOOKUP(C201,Insurance_Reimbursement_Matrix!$A$2:$A$6,_xlfn.XLOOKUP(_xlfn.XLOOKUP(F201,Age_Bracket_Reference!$A$2:$A$6,Age_Bracket_Reference!$B$2:$B$6,,-1),Insurance_Reimbursement_Matrix!$B$1:$F$1,Insurance_Reimbursement_Matrix!$B$2:$F$6))} -> 0.68

Sheet Doctor_Directory
A1: Doctor ID | B1: Doctor Name | C1: Specialty | D1: Consultation Fee (NGN)
A2: DR-001 | B2: Dr. Damilola Abubakar | C2: General Medicine | D2: 4000
A3: DR-002 | B3: Dr. Segun Ibe | C3: General Medicine | D3: 8500
A4: DR-003 | B4: Dr. Folake Bamidele | C4: Cardiology | D4: 5000
A5: DR-004 | B5: Dr. Chukwuemeka Chidozie | C5: Family Medicine | D5: 3500
A6: DR-005 | B6: Dr. Hadiza Suleiman | C6: Cardiology | D6: 6000
A7: DR-006 | B7: Dr. Uche Ogunleye | C7: Internal Medicine | D7: 6000
A8: DR-007 | B8: Dr. Bimpe Mohammed | C8: Cardiology | D8: 4000
A9: DR-008 | B9: Dr. Blessing Obi | C9: Family Medicine | D9: 3500
A10: DR-009 | B10: Dr. Bukola Ajayi | C10: Infectious Disease | D10: 7000
A11: DR-010 | B11: Dr. Tunde Usman | C11: Family Medicine | D11: 10000
A12: DR-011 | B12: Dr. Adaugo Fashola | C12: Internal Medicine | D12: 4000
A13: DR-012 | B13: Dr. Ifeoma Ibe | C13: Family Medicine | D13: 4000
... A31: DR-030 | B31: Dr. Oluwaseun Okoye | C31: Family Medicine | D31: 8500

Sheet Bill_Tier_Reference
A1: Minimum Bill Amount (NGN) | B1: Billing Tier
A2: 0 | B2: Tier 1 - Basic
A3: 20000 | B3: Tier 2 - Standard
A4: 75000 | B4: Tier 3 - Premium
A5: 200000 | B5: Tier 4 - Elite

Sheet Age_Bracket_Reference
A1: Minimum Age | B1: Life Stage
A2: 0 | B2: Child
A3: 13 | B3: Teen
A4: 18 | B4: Young Adult
A5: 35 | B5: Adult
A6: 60 | B6: Senior

Sheet Protocol_Reference
A1: Diagnosis Keyword | B1: Treatment Protocol
A2: TB | B2: Directly Observed Treatment Short-course (DOTS) - 6 month regimen
A3: Malaria | B3: Artemisinin-based Combination Therapy (ACT) - 3-day course
A4: Typhoid | B4: Ciprofloxacin 500mg twice daily for 7-10 days
A5: Hypertension | B5: Lifestyle modification + Amlodipine 5mg daily
A6: Diabetes | B6: Metformin 500mg twice daily + dietary counselling
A7: Cholera | B7: Oral Rehydration Therapy + Doxycycline
A8: Pneumonia | B8: Amoxicillin-Clavulanate 625mg three times daily for 7 days

Sheet State_Coordinator
A1: State | B1: Regional Coordinator
A2: Lagos | B2: Funmilayo Adebayo
A3: Abuja | B3: Ibrahim Garba
A4: Kano | B4: Hauwa Mustapha
A5: Port Harcourt | B5: Ebiere Amadi
A6: Enugu | B6: Chidiebere Okoro

Sheet Insurance_Reimbursement_Matrix
A1: State | B1: Child | C1: Teen | D1: Young Adult | E1: Adult | F1: Senior
A2: Lagos | B2: 0.83 | C2: 0.72 | D2: 0.67 | E2: 0.66 | F2: 0.8
A3: Abuja | B3: 0.84 | C3: 0.71 | D3: 0.65 | E3: 0.65 | F3: 0.79
A4: Kano | B4: 0.81 | C4: 0.71 | D4: 0.64 | E4: 0.73 | F4: 0.76
A5: Port Harcourt | B5: 0.82 | C5: 0.76 | D5: 0.69 | E5: 0.71 | F5: 0.79
A6: Enugu | B6: 0.9 | C6: 0.7 | D6: 0.69 | E6: 0.68 | F6: 0.76
